b'RERDSXBrS1Z0ZEtW\n',Johnny,Walker,355-(902)235-4767,jwalker0@parallels.com
b'NnRzWmZvdEVHbg==\n',Jean,Rivera,880-(273)641-7526,jrivera1@ft.com
b'UnZIZUdERzgwQg==\n',Gregory,Garza,358-(728)458-9052,ggarza2@pen.io
b'MWE3QmJQdHMw\n',Nicole,Phillips,7-(608)138-5941,nphillips3@privacy.gov.au
b'cElXalhXMDBpR3k=\n',Donna,Hill,7-(462)887-1551,dhill4@4shared.com
b'MjR5ZE1iTDNPMno=\n',Alice,Medina,86-(527)331-2994,amedina5@shinystat.com
b'YzBFaFd2YTF1dnFi\n',Tina,Larson,965-(864)532-3408,tlarson6@mapy.cz
b'UVNnd29SZQ==\n',Phyllis,Cooper,86-(666)521-7475,pcooper7@tuttocitta.it
b'V1NTWm95UWo=\n',Michael,Hunter,86-(920)564-1388,mhunter8@mysql.com
b'bmRxTEVV\n',Sara,Alexander,420-(164)741-3378,salexander2r@slideshare.net

