DDCIpkKVtdKV,Johnny,Walker,355-(902)235-4767,jwalker0@parallels.com
6tsZfotEGn,Jean,Rivera,880-(273)641-7526,jrivera1@ft.com
RvHeGDG80B,Gregory,Garza,358-(728)458-9052,ggarza2@pen.io
1a7BbPts0,Nicole,Phillips,7-(608)138-5941,nphillips3@privacy.gov.au
pIWjXW00iGy,Donna,Hill,7-(462)887-1551,dhill4@4shared.com
24ydMbL3O2z,Alice,Medina,86-(527)331-2994,amedina5@shinystat.com
c0EhWva1uvqb,Tina,Larson,965-(864)532-3408,tlarson6@mapy.cz
QSgwoRe,Phyllis,Cooper,86-(666)521-7475,pcooper7@tuttocitta.it
WSSZoyQj,Michael,Hunter,86-(920)564-1388,mhunter8@mysql.com
ndqLEU,Sara,Alexander,420-(164)741-3378,salexander2r@slideshare.net
