20gNFX,Clarence,Wagner,92-(385)521-8843,cwagner0@alexa.com
kgkzzZHJcE,Stephanie,Welch,7-(225)193-5002,swelch1@un.org
dupa,Lori,Evans,420-(236)598-5423,levans2@weibo.com
XzvpGRXWlvC,Phillip,Cooper,964-(977)239-4585,pcooper3@freewebs.com
mbM1yUBRs,Lawrence,Flores,62-(743)301-3308,lflores4@thetimes.co.uk
hrNOQVWuWu,Katherine,Morales,56-(517)732-6193,kmorales5@studiopress.com
gXS92gSjK6xt,Robin,Flores,33-(972)156-9206,rflores6@tinyurl.com
0e7wplU5,Jason,Berry,86-(188)152-5131,jberry7@theguardian.com
9RXY4Ada,Mildred,Murphy,60-(478)825-1046,mmurphy8@bizjournals.com
ehKQT0i5kvhi,Paula,Martinez,46-(543)548-3402,pmartinez9@springer.com
JFdei6,Carl,Murray,375-(969)809-4165,cmurraya@prnewswire.com
02ve3Jx83FUI,Amy,Lane,62-(613)313-9651,alaneb@google.com.br
qkFIXP45,Jacqueline,Diaz,30-(124)114-0621,jdiazc@paginegialle.it
482zi6I,Paula,Mitchell,62-(290)796-5904,pmitchelld@theglobeandmail.com
oa9sYejy,Kenneth,Fernandez,51-(491)972-5755,kfernandeze@hhs.gov
99pf1uPFh,Bruce,Evans,86-(973)274-4841,bevansf@narod.ru
hEJesfBqblq,Angela,Marshall,86-(637)696-1121,amarshallg@discuz.net
EnhUuPtJ,Marie,Alvarez,86-(692)340-2367,malvarezh@discuz.net
Dnm2ws5TNp,Jean,Tucker,387-(604)588-4955,jtuckeri@oaic.gov.au
0zuu1oe,Robert,Phillips,86-(723)596-3624,rphillipsj@meetup.com
loKbcw,Sean,Burns,62-(410)751-7164,sburnsk@cnn.com
BCmGHT,Joe,Green,852-(644)386-5314,jgreenl@who.int
ztxTTTwiZ1f,Eugene,Wilson,380-(859)391-9176,ewilsonm@godaddy.com
yaV4rzoSX6Sl,Carol,Garcia,216-(616)495-0463,cgarcian@merriam-webster.com
XHyEFNz,John,Turner,33-(280)196-9047,jturnero@wix.com
ZsMubv,Martha,Price,92-(450)453-7096,mpricep@google.co.uk
BpahXelFf1,Mary,Reyes,380-(477)261-5830,mreyesq@hatena.ne.jp
RbCUWi8N,Jerry,Washington,55-(282)599-4193,jwashingtonr@parallels.com
KTlpVW4ow,Cynthia,Williamson,86-(414)144-2125,cwilliamsons@narod.ru
iKi6IsgurkZu,Sean,Bell,86-(559)614-8598,sbellt@shop-pro.jp
cIUibJUo,Kevin,Hawkins,48-(789)572-1035,khawkinsu@jugem.jp
bok1a6L,Sara,Rose,66-(812)328-6219,srosev@va.gov
ygGuJqQ,Doris,Cox,63-(913)347-7380,dcoxw@adobe.com
pPBKgI6a,Jerry,Hicks,351-(732)118-3928,jhicksx@paypal.com
MR4OshLvsM,Kimberly,Peters,86-(434)254-7246,kpetersy@hatena.ne.jp
iOwL7VKtBO,Matthew,Phillips,20-(980)584-7341,mphillipsz@amazon.de
HqewOh,Kevin,Fox,62-(734)348-9690,kfox10@topsy.com
FRVmf4,Joe,Stephens,381-(629)124-8271,jstephens11@biblegateway.com
vWlwsTPm,Juan,Knight,387-(686)850-4851,jknight12@reverbnation.com
dtB11WHt,Jose,Chapman,81-(395)879-3609,jchapman13@ca.gov
pZ2uGkt8,Theresa,Bell,62-(617)438-1189,tbell14@mail.ru
q1fp0WXs1eEg,Donna,Mitchell,420-(543)394-5450,dmitchell15@virginia.edu
lxO5V5mc,Annie,Dean,55-(572)847-7929,adean16@1und1.de
X7fjUYgcTz,Barbara,Walker,62-(473)519-5070,bwalker17@dion.ne.jp
KnyQHyTtgZ,Heather,Lane,7-(401)286-6982,hlane18@nsw.gov.au
pthpxk,Juan,Harper,86-(828)929-8106,jharper19@howstuffworks.com
XDDHA8xm5Bh6,Judy,Elliott,351-(901)645-2876,jelliott1a@mac.com
Jmd1afAf,Dennis,Martinez,93-(874)629-2177,dmartinez1b@about.me
kSyzuojaa,Philip,Barnes,48-(246)996-5257,pbarnes1c@google.co.uk
dirUgozXE,Jennifer,Martinez,62-(497)634-8086,jmartinez1d@usnews.com
yMpWom21lAt,Evelyn,Foster,86-(651)330-6157,efoster1e@goo.gl
veTkM94P,Linda,Campbell,62-(897)149-2036,lcampbell1f@dell.com
wn3oTucCki,Angela,Carr,86-(255)847-1760,acarr1g@opensource.org
kYaBunT,Fred,Castillo,54-(176)267-6967,fcastillo1h@fema.gov
Zmz5GaPIfLw,Paul,Palmer,234-(205)918-5790,ppalmer1i@blogtalkradio.com
mXcopq,Alan,Gomez,1-(944)536-3179,agomez1j@pen.io
8CSrtB,Douglas,Myers,234-(709)486-4244,dmyers1k@ihg.com
GquBRoRdF6,Jean,Riley,351-(375)724-1716,jriley1l@reverbnation.com
UG1jwe5kCfDi,Barbara,Dean,86-(619)429-6384,bdean1m@blogtalkradio.com
AV95QikUY,Phillip,Ray,62-(323)156-3159,pray1n@ucsd.edu
InmTc6G4C2,Earl,Wood,1-(554)431-7510,ewood1o@tmall.com
nP8OCnSWbMm,Emily,Schmidt,55-(843)113-0868,eschmidt1p@hhs.gov
e4eoFr7,Gregory,Harvey,7-(954)901-3860,gharvey1q@prlog.org
wklitH,Ernest,Arnold,48-(388)441-4309,earnold1r@stanford.edu
kAdxgKn554Ji,Catherine,Wheeler,998-(564)186-5242,cwheeler1s@cam.ac.uk
ezkCMZlR,Larry,Gonzales,994-(548)336-5698,lgonzales1t@reference.com
6IkdxNqHfrO,Gary,Barnes,7-(795)669-2417,gbarnes1u@dot.gov
XC0wii39,Daniel,King,242-(944)461-2028,dking1v@altervista.org
xi2Avm,Jack,Fuller,86-(680)742-2767,jfuller1w@sourceforge.net
oDARylsxkwu,Jerry,West,34-(491)766-4067,jwest1x@multiply.com
Ad3ZOdE,Clarence,James,94-(770)454-8563,cjames1y@com.com
oLSE4Ec,Tina,West,82-(868)218-1599,twest1z@mapy.cz
lfc2iP7pVxRV,David,Greene,86-(878)695-1203,dgreene20@nifty.com
uGbzaF,Bruce,Stevens,86-(345)296-5960,bstevens21@diigo.com
WKwBkdQxekK8,Justin,White,86-(678)885-1336,jwhite22@unblog.fr
pQYtbfM7INo,Bobby,Roberts,380-(210)402-1556,broberts23@ning.com
iGuvEN,Philip,Boyd,62-(906)612-5407,pboyd24@ning.com
8m8VgGI0EpBq,Nancy,Shaw,62-(365)615-7397,nshaw25@ask.com
kncjzdS7o8,Gary,Kelly,62-(930)838-2883,gkelly26@eventbrite.com
oCVRyT992N,Elizabeth,Ross,86-(408)363-6443,eross27@bizjournals.com
OasLak7eTzeG,Phyllis,Snyder,963-(642)151-1171,psnyder28@jigsy.com
Hmngt4x,Dorothy,Little,63-(622)595-5326,dlittle29@boston.com
S4sP4SddC,Robert,Bishop,48-(392)262-6108,rbishop2a@taobao.com
s0UbK6Gy1,Michelle,Garcia,63-(407)693-3642,mgarcia2b@discuz.net
3A60xzEX1R1,Debra,Dunn,218-(734)585-8457,ddunn2c@redcross.org
ULvDdVpo,Peter,Taylor,51-(701)754-3489,ptaylor2d@amazon.co.uk
cx7MqBfd,Ashley,Stewart,84-(850)293-1631,astewart2e@wiley.com
pj5u9SQ7Lr,Michael,Thomas,961-(481)209-4702,mthomas2f@ft.com
trXTQIo0pB5,Phillip,Cox,62-(525)360-6502,pcox2g@nyu.edu
2jTlKC,Catherine,Black,86-(191)462-7913,cblack2h@ed.gov
1AERUrB8v,Nicholas,Riley,62-(625)630-1061,nriley2i@admin.ch
HMLxEEAtJmMP,Willie,Greene,86-(499)332-5631,wgreene2j@over-blog.com
SAGTHJFWGUb,Robert,Grant,55-(670)497-0731,rgrant2k@netscape.com
Qj6inDWbVEu1,Kathryn,Alexander,55-(930)890-5910,kalexander2l@mozilla.com
LblKBrlbC,Jose,Lopez,353-(108)243-5268,jlopez2m@infoseek.co.jp
VPGj30b27fcZ,Thomas,Carpenter,62-(434)164-7790,tcarpenter2n@java.com
y7L9efDpC,Gerald,Elliott,86-(615)473-2466,gelliott2o@ftc.gov
Io97GSFxUZ,Christine,Holmes,7-(907)260-4528,cholmes2p@sciencedaily.com
67E8hMQ,Kathryn,Turner,27-(546)625-6842,kturner2q@umn.edu
dKZDS3Kf3G,Wayne,Hernandez,86-(475)173-4027,whernandez2r@unesco.org
